accuracy1,accuracy2,accuracy3,accuracy4
17.708333333333336,27.380952380952383,16.831683168316832,18.487394957983195
